{
  "goal_results": [
    {
      "name": "straight_1p5",
      "status": "SUCCEEDED",
      "duration_sec": 7.412134718000001,
      "goal_x_m": 1.5,
      "goal_y_m": 0.0,
      "goal_yaw_rad": 0.0,
      "final_amcl_xy_error_m": 0.0,
      "final_raw_xy_error_m": 0.0,
      "final_amcl_yaw_error_rad": 2.7755575615628914e-17,
      "final_raw_yaw_error_rad": 0.0,
      "final_raw_goal_xy_error_m": 0.18234826146633099,
      "final_amcl_goal_xy_error_m": 0.18234826146633099,
      "final_gt_goal_xy_error_m": 0.18234826146633099,
      "final_raw_goal_yaw_error_rad": -0.03063325356425757,
      "final_amcl_goal_yaw_error_rad": -0.030633253564257543,
      "final_gt_goal_yaw_error_rad": -0.03063325356425757,
      "raw_path_length_m": 1.2926416048905514,
      "amcl_path_length_m": 1.2926416048905514,
      "gt_path_length_m": 1.2926416048905514
    },
    {
      "name": "left_turn_2p4",
      "status": "SUCCEEDED",
      "duration_sec": 5.961714539000001,
      "goal_x_m": 2.4,
      "goal_y_m": 0.35,
      "goal_yaw_rad": 0.35,
      "final_amcl_xy_error_m": 5.551115123125783e-17,
      "final_raw_xy_error_m": 5.551115123125783e-17,
      "final_amcl_yaw_error_rad": 5.551115123125783e-17,
      "final_raw_yaw_error_rad": 2.7755575615628914e-17,
      "final_raw_goal_xy_error_m": 0.1726790039075617,
      "final_amcl_goal_xy_error_m": 0.1726790039075617,
      "final_gt_goal_xy_error_m": 0.17267900390756166,
      "final_raw_goal_yaw_error_rad": -0.10219783975574986,
      "final_amcl_goal_yaw_error_rad": -0.10219783975574984,
      "final_gt_goal_yaw_error_rad": -0.10219783975574989,
      "raw_path_length_m": 0.957499314240757,
      "amcl_path_length_m": 0.9575835132823894,
      "gt_path_length_m": 0.9575059663841926
    },
    {
      "name": "straight_after_turn_3p3",
      "status": "SUCCEEDED",
      "duration_sec": 6.461412707,
      "goal_x_m": 3.3,
      "goal_y_m": 0.55,
      "goal_yaw_rad": 0.1,
      "final_amcl_xy_error_m": 0.0,
      "final_raw_xy_error_m": 0.0,
      "final_amcl_yaw_error_rad": 0.0,
      "final_raw_yaw_error_rad": 0.0,
      "final_raw_goal_xy_error_m": 0.1752978133259162,
      "final_amcl_goal_xy_error_m": 0.1752978133259162,
      "final_gt_goal_xy_error_m": 0.1752978133259162,
      "final_raw_goal_yaw_error_rad": 0.2017538843411639,
      "final_amcl_goal_yaw_error_rad": 0.2017538843411639,
      "final_gt_goal_yaw_error_rad": 0.2017538843411639,
      "raw_path_length_m": 0.9497900061281866,
      "amcl_path_length_m": 0.9497816862309181,
      "gt_path_length_m": 0.9497984610317761
    },
    {
      "name": "right_correction_4p1",
      "status": "SUCCEEDED",
      "duration_sec": 5.661451004000001,
      "goal_x_m": 4.1,
      "goal_y_m": 0.25,
      "goal_yaw_rad": -0.2,
      "final_amcl_xy_error_m": 0.0,
      "final_raw_xy_error_m": 0.0,
      "final_amcl_yaw_error_rad": 0.0,
      "final_raw_yaw_error_rad": 0.0,
      "final_raw_goal_xy_error_m": 0.1773219333478088,
      "final_amcl_goal_xy_error_m": 0.1773219333478088,
      "final_gt_goal_xy_error_m": 0.1773219333478088,
      "final_raw_goal_yaw_error_rad": -0.2384717417712649,
      "final_amcl_goal_yaw_error_rad": -0.2384717417712649,
      "final_gt_goal_yaw_error_rad": -0.2384717417712649,
      "raw_path_length_m": 0.8418489594563028,
      "amcl_path_length_m": 0.8418003895749588,
      "gt_path_length_m": 0.8416397641063917
    }
  ],
  "samples": 342,
  "align_initial_pose": true,
  "raw_position_xy_rmse_m": 0.0005709386306291146,
  "amcl_position_xy_rmse_m": 0.00060531328204786,
  "raw_yaw_rmse_rad": 0.0005799563932476,
  "amcl_yaw_rmse_rad": 0.000496579749701399,
  "mean_final_gt_goal_xy_error_m": 0.1769117530119044,
  "mean_final_amcl_goal_xy_error_m": 0.1769117530119044,
  "mean_final_gt_goal_yaw_error_rad": -0.04238723768752712,
  "mean_final_amcl_goal_yaw_error_rad": -0.04238723768752709,
  "cmd_vel_nonzero_ratio": 0.8777589134125636,
  "tf_failures": 0
}