{
  "goal_results": [
    {
      "name": "straight_1p5",
      "status": "SUCCEEDED",
      "duration_sec": 11.882323021000001,
      "goal_x_m": 1.5,
      "goal_y_m": 0.0,
      "goal_yaw_rad": 0.0,
      "final_amcl_xy_error_m": 3.382710778154774e-17,
      "final_raw_xy_error_m": 0.0,
      "final_amcl_yaw_error_rad": 2.7755575615628914e-17,
      "final_raw_yaw_error_rad": 0.0,
      "final_raw_goal_xy_error_m": 0.10970227027182622,
      "final_amcl_goal_xy_error_m": 0.1097022702718262,
      "final_gt_goal_xy_error_m": 0.10970227027182622,
      "final_raw_goal_yaw_error_rad": -0.0543740625209892,
      "final_amcl_goal_yaw_error_rad": -0.05437406252098917,
      "final_gt_goal_yaw_error_rad": -0.0543740625209892,
      "raw_path_length_m": 1.3573649702941766,
      "amcl_path_length_m": 1.3577174090499087,
      "gt_path_length_m": 1.3575726508594785
    },
    {
      "name": "left_turn_2p4",
      "status": "SUCCEEDED",
      "duration_sec": 9.111730893,
      "goal_x_m": 2.4,
      "goal_y_m": 0.35,
      "goal_yaw_rad": 0.35,
      "final_amcl_xy_error_m": 5.551115123125783e-17,
      "final_raw_xy_error_m": 0.0,
      "final_amcl_yaw_error_rad": 0.0,
      "final_raw_yaw_error_rad": 0.0,
      "final_raw_goal_xy_error_m": 0.11967599166552062,
      "final_amcl_goal_xy_error_m": 0.11967599166552059,
      "final_gt_goal_xy_error_m": 0.11967599166552062,
      "final_raw_goal_yaw_error_rad": 0.07380783703271843,
      "final_amcl_goal_yaw_error_rad": 0.07380783703271843,
      "final_gt_goal_yaw_error_rad": 0.07380783703271843,
      "raw_path_length_m": 1.0089791692645447,
      "amcl_path_length_m": 1.0089791692645447,
      "gt_path_length_m": 1.0089791692645447
    },
    {
      "name": "straight_after_turn_3p3",
      "status": "SUCCEEDED",
      "duration_sec": 8.711923905,
      "goal_x_m": 3.3,
      "goal_y_m": 0.55,
      "goal_yaw_rad": 0.1,
      "final_amcl_xy_error_m": 0.0018033763688688773,
      "final_raw_xy_error_m": 0.0,
      "final_amcl_yaw_error_rad": -0.00018734898985212076,
      "final_raw_yaw_error_rad": 0.0,
      "final_raw_goal_xy_error_m": 0.11591861783882897,
      "final_amcl_goal_xy_error_m": 0.1175759443751321,
      "final_gt_goal_xy_error_m": 0.11591861783882897,
      "final_raw_goal_yaw_error_rad": 0.3388007349065476,
      "final_amcl_goal_yaw_error_rad": 0.3386133859166954,
      "final_gt_goal_yaw_error_rad": 0.3388007349065476,
      "raw_path_length_m": 0.9982040233278908,
      "amcl_path_length_m": 0.9961414865661612,
      "gt_path_length_m": 0.9982032707988631
    },
    {
      "name": "right_correction_4p1",
      "status": "TIMEOUT",
      "duration_sec": 150.002635355,
      "goal_x_m": 4.1,
      "goal_y_m": 0.25,
      "goal_yaw_rad": -0.2,
      "final_amcl_xy_error_m": 1.1102230246251565e-16,
      "final_raw_xy_error_m": 0.0,
      "final_amcl_yaw_error_rad": 0.0,
      "final_raw_yaw_error_rad": 0.0,
      "final_raw_goal_xy_error_m": 0.15785635389151648,
      "final_amcl_goal_xy_error_m": 0.15785635389151656,
      "final_gt_goal_xy_error_m": 0.15785635389151648,
      "final_raw_goal_yaw_error_rad": -0.3889277097584772,
      "final_amcl_goal_yaw_error_rad": -0.3889277097584772,
      "final_gt_goal_yaw_error_rad": -0.3889277097584772,
      "raw_path_length_m": 0.8955154776343563,
      "amcl_path_length_m": 0.8955127552571671,
      "gt_path_length_m": 0.8955146778538013
    }
  ],
  "samples": 1919,
  "align_initial_pose": true,
  "raw_position_xy_rmse_m": 4.980495145365923e-05,
  "amcl_position_xy_rmse_m": 0.00011302587270321888,
  "raw_yaw_rmse_rad": 0.00012774376952631259,
  "amcl_yaw_rmse_rad": 0.00032529359213441994,
  "mean_final_gt_goal_xy_error_m": 0.12578830841692307,
  "mean_final_amcl_goal_xy_error_m": 0.12620264005099885,
  "mean_final_gt_goal_yaw_error_rad": -0.007673300085050086,
  "mean_final_amcl_goal_yaw_error_rad": -0.00772013733251313,
  "cmd_vel_nonzero_ratio": 0.9787697332607512,
  "tf_failures": 0
}