{
  "goal_results": [
    {
      "name": "goal_2m",
      "status": "SUCCEEDED",
      "duration_sec": 149.052192401,
      "goal_x_m": 2.0,
      "goal_y_m": 0.0,
      "goal_yaw_rad": 0.0,
      "final_amcl_xy_error_m": 0.0,
      "final_raw_xy_error_m": 0.0,
      "final_amcl_yaw_error_rad": -1.6653345369377348e-16,
      "final_raw_yaw_error_rad": 0.0,
      "final_raw_goal_xy_error_m": 0.1689095371177078,
      "final_amcl_goal_xy_error_m": 0.1689095371177078,
      "final_gt_goal_xy_error_m": 0.1689095371177078,
      "final_raw_goal_yaw_error_rad": 0.27307536863949117,
      "final_amcl_goal_yaw_error_rad": 0.273075368639491,
      "final_gt_goal_yaw_error_rad": 0.27307536863949117,
      "raw_path_length_m": 1.6033754868820502,
      "amcl_path_length_m": 1.6035443012216783,
      "gt_path_length_m": 1.6032328616115594
    },
    {
      "name": "goal_3m",
      "status": "SUCCEEDED",
      "duration_sec": 2.8119463810000003,
      "goal_x_m": 3.0,
      "goal_y_m": 0.0,
      "goal_yaw_rad": 0.0,
      "final_amcl_xy_error_m": 2.7755575615628914e-16,
      "final_raw_xy_error_m": 5.551115123125783e-17,
      "final_amcl_yaw_error_rad": -2.220446049250313e-16,
      "final_raw_yaw_error_rad": 0.0,
      "final_raw_goal_xy_error_m": 0.33799120841063424,
      "final_amcl_goal_xy_error_m": 0.3379912084106341,
      "final_gt_goal_xy_error_m": 0.33799120841063424,
      "final_raw_goal_yaw_error_rad": -0.27831034958315454,
      "final_amcl_goal_yaw_error_rad": -0.27831034958315476,
      "final_gt_goal_yaw_error_rad": -0.27831034958315454,
      "raw_path_length_m": 0.6501229383878477,
      "amcl_path_length_m": 0.6501229383878476,
      "gt_path_length_m": 0.6501229383878476
    },
    {
      "name": "goal_4m",
      "status": "SUCCEEDED",
      "duration_sec": 3.7620677810000003,
      "goal_x_m": 4.0,
      "goal_y_m": 0.0,
      "goal_yaw_rad": 0.0,
      "final_amcl_xy_error_m": 1.6653345369377348e-16,
      "final_raw_xy_error_m": 5.551115123125783e-17,
      "final_amcl_yaw_error_rad": -2.7755575615628914e-17,
      "final_raw_yaw_error_rad": 0.0,
      "final_raw_goal_xy_error_m": 0.3527552736028093,
      "final_amcl_goal_xy_error_m": 0.3527552736028092,
      "final_gt_goal_xy_error_m": 0.3527552736028093,
      "final_raw_goal_yaw_error_rad": -0.16868387906994717,
      "final_amcl_goal_yaw_error_rad": -0.1686838790699472,
      "final_gt_goal_yaw_error_rad": -0.16868387906994717,
      "raw_path_length_m": 0.88718928123164,
      "amcl_path_length_m": 0.88718928123164,
      "gt_path_length_m": 0.8871892812316398
    }
  ],
  "samples": 1671,
  "align_initial_pose": true,
  "raw_position_xy_rmse_m": 0.00018207120611158598,
  "amcl_position_xy_rmse_m": 0.00025237022363059844,
  "raw_yaw_rmse_rad": 0.00041329070414300835,
  "amcl_yaw_rmse_rad": 0.0005883253327974289,
  "mean_final_gt_goal_xy_error_m": 0.2865520063770504,
  "mean_final_amcl_goal_xy_error_m": 0.28655200637705036,
  "mean_final_gt_goal_yaw_error_rad": -0.05797295333787018,
  "mean_final_amcl_goal_yaw_error_rad": -0.057972953337870316,
  "cmd_vel_nonzero_ratio": 0.9625632377740303,
  "tf_failures": 0
}