{
  "goal_results": [
    {
      "name": "straight_1p5",
      "status": "SUCCEEDED",
      "duration_sec": 11.106730954000001,
      "goal_x_m": 1.5,
      "goal_y_m": 0.0,
      "goal_yaw_rad": 0.0,
      "final_amcl_xy_error_m": 1.510766303862107e-05,
      "final_raw_xy_error_m": 0.0,
      "final_amcl_yaw_error_rad": -9.885951357091471e-06,
      "final_raw_yaw_error_rad": 1.1102230246251565e-16,
      "final_raw_goal_xy_error_m": 0.16894485857743297,
      "final_amcl_goal_xy_error_m": 0.16895346193587252,
      "final_gt_goal_xy_error_m": 0.16894485857743297,
      "final_raw_goal_yaw_error_rad": 0.6479426807914992,
      "final_amcl_goal_yaw_error_rad": 0.647932794840142,
      "final_gt_goal_yaw_error_rad": 0.6479426807914992,
      "raw_path_length_m": 1.3647934671060578,
      "amcl_path_length_m": 1.3650362713748878,
      "gt_path_length_m": 1.3645894121875448
    },
    {
      "name": "left_turn_2p4",
      "status": "SUCCEEDED",
      "duration_sec": 8.631643232,
      "goal_x_m": 2.4,
      "goal_y_m": 0.35,
      "goal_yaw_rad": 0.35,
      "final_amcl_xy_error_m": 1.2359310551947862e-05,
      "final_raw_xy_error_m": 0.0,
      "final_amcl_yaw_error_rad": -9.885951357091471e-06,
      "final_raw_yaw_error_rad": 0.0,
      "final_raw_goal_xy_error_m": 0.1733506269998892,
      "final_amcl_goal_xy_error_m": 0.17336272093803354,
      "final_gt_goal_xy_error_m": 0.1733506269998892,
      "final_raw_goal_yaw_error_rad": 0.15596493165757863,
      "final_amcl_goal_yaw_error_rad": 0.15595504570622154,
      "final_gt_goal_yaw_error_rad": 0.15596493165757863,
      "raw_path_length_m": 0.9810700138453397,
      "amcl_path_length_m": 0.9810910403766392,
      "gt_path_length_m": 0.9809398153575624
    },
    {
      "name": "straight_after_turn_3p3",
      "status": "SUCCEEDED",
      "duration_sec": 8.411619007,
      "goal_x_m": 3.3,
      "goal_y_m": 0.55,
      "goal_yaw_rad": 0.1,
      "final_amcl_xy_error_m": 1.6906073630444187e-05,
      "final_raw_xy_error_m": 0.0,
      "final_amcl_yaw_error_rad": -9.885951357202494e-06,
      "final_raw_yaw_error_rad": 0.0,
      "final_raw_goal_xy_error_m": 0.16555748720116417,
      "final_amcl_goal_xy_error_m": 0.16557323737642787,
      "final_gt_goal_xy_error_m": 0.16555748720116417,
      "final_raw_goal_yaw_error_rad": 0.2850853086174276,
      "final_amcl_goal_yaw_error_rad": 0.2850754226660704,
      "final_gt_goal_yaw_error_rad": 0.2850853086174276,
      "raw_path_length_m": 0.9585210291137416,
      "amcl_path_length_m": 0.9584962705012179,
      "gt_path_length_m": 0.9585210291137416
    },
    {
      "name": "right_correction_4p1",
      "status": "SUCCEEDED",
      "duration_sec": 7.011692455,
      "goal_x_m": 4.1,
      "goal_y_m": 0.25,
      "goal_yaw_rad": -0.2,
      "final_amcl_xy_error_m": 2.4429366028780872e-05,
      "final_raw_xy_error_m": 0.0,
      "final_amcl_yaw_error_rad": -9.885951357202494e-06,
      "final_raw_yaw_error_rad": 0.0,
      "final_raw_goal_xy_error_m": 0.1603389416781329,
      "final_amcl_goal_xy_error_m": 0.16033303568881335,
      "final_gt_goal_xy_error_m": 0.1603389416781329,
      "final_raw_goal_yaw_error_rad": -0.29229674862109173,
      "final_amcl_goal_yaw_error_rad": -0.29230663457244893,
      "final_gt_goal_yaw_error_rad": -0.29229674862109173,
      "raw_path_length_m": 0.8655496767712347,
      "amcl_path_length_m": 0.8655496767712348,
      "gt_path_length_m": 0.8655496767712347
    }
  ],
  "samples": 449,
  "align_initial_pose": true,
  "raw_position_xy_rmse_m": 0.0004710337714242683,
  "amcl_position_xy_rmse_m": 0.0005777895323708336,
  "raw_yaw_rmse_rad": 0.0006781241080306104,
  "amcl_yaw_rmse_rad": 0.0008310743580625647,
  "mean_final_gt_goal_xy_error_m": 0.1670479786141548,
  "mean_final_amcl_goal_xy_error_m": 0.1670556139847868,
  "mean_final_gt_goal_yaw_error_rad": 0.19917404311135345,
  "mean_final_amcl_goal_yaw_error_rad": 0.19916415715999625,
  "cmd_vel_nonzero_ratio": 0.9090909090909091,
  "tf_failures": 38
}