{
  "goal_results": [
    {
      "name": "goal_1m",
      "status": "SUCCEEDED",
      "duration_sec": 2.173729663,
      "goal_x_m": 1.0,
      "goal_y_m": 0.0,
      "goal_yaw_rad": 0.0,
      "final_amcl_xy_error_m": 0.1669604812782283,
      "final_raw_xy_error_m": 0.22623578711217399,
      "final_amcl_yaw_error_rad": -0.04257973486111797,
      "final_raw_yaw_error_rad": -0.07000486972748964,
      "final_raw_goal_xy_error_m": 0.6043016705562795,
      "final_amcl_goal_xy_error_m": 0.5445756595629472,
      "final_gt_goal_xy_error_m": 0.3790183436151397,
      "final_raw_goal_yaw_error_rad": -0.013312170934709655,
      "final_amcl_goal_yaw_error_rad": 0.014112963931662014,
      "final_gt_goal_yaw_error_rad": 0.05669269879277998,
      "raw_path_length_m": 0.5958475539216309,
      "amcl_path_length_m": 0.6461729914517758,
      "gt_path_length_m": 0.4992714824424027
    },
    {
      "name": "goal_2m",
      "status": "SUCCEEDED",
      "duration_sec": 3.3621143410000003,
      "goal_x_m": 2.0,
      "goal_y_m": 0.0,
      "goal_yaw_rad": 0.0,
      "final_amcl_xy_error_m": 0.21012336611433893,
      "final_raw_xy_error_m": 0.5786920541379177,
      "final_amcl_yaw_error_rad": 0.04101997740090318,
      "final_raw_yaw_error_rad": -0.04949762099338581,
      "final_raw_goal_xy_error_m": 0.9375774447191784,
      "final_amcl_goal_xy_error_m": 0.5755991173834167,
      "final_gt_goal_xy_error_m": 0.3655900876914547,
      "final_raw_goal_yaw_error_rad": -0.17200600030388027,
      "final_amcl_goal_yaw_error_rad": -0.0814884019095913,
      "final_gt_goal_yaw_error_rad": -0.12250837931049448,
      "raw_path_length_m": 0.8314984267951387,
      "amcl_path_length_m": 1.028866508075577,
      "gt_path_length_m": 0.8775727282427621
    },
    {
      "name": "goal_left",
      "status": "SUCCEEDED",
      "duration_sec": 12.061984393000001,
      "goal_x_m": 1.5,
      "goal_y_m": 1.0,
      "goal_yaw_rad": 0.0,
      "final_amcl_xy_error_m": 0.07996561031676375,
      "final_raw_xy_error_m": 0.45665048896847604,
      "final_amcl_yaw_error_rad": 0.07260748402616224,
      "final_raw_yaw_error_rad": -0.1708926786048687,
      "final_raw_goal_xy_error_m": 0.35489410917319975,
      "final_amcl_goal_xy_error_m": 0.0806324562608303,
      "final_gt_goal_xy_error_m": 0.11281574195242679,
      "final_raw_goal_yaw_error_rad": 0.3067741958061976,
      "final_amcl_goal_yaw_error_rad": 0.5502743584372285,
      "final_gt_goal_yaw_error_rad": 0.4776668744110662,
      "raw_path_length_m": 1.9628039040996277,
      "amcl_path_length_m": 3.3224773758230604,
      "gt_path_length_m": 1.8043232717673037
    }
  ],
  "samples": 312,
  "align_initial_pose": true,
  "raw_position_xy_rmse_m": 0.5062965322423942,
  "amcl_position_xy_rmse_m": 0.17726632301360876,
  "raw_yaw_rmse_rad": 0.5221177043460771,
  "amcl_yaw_rmse_rad": 0.10814010447788734,
  "mean_final_gt_goal_xy_error_m": 0.28580805775300705,
  "mean_final_amcl_goal_xy_error_m": 0.4002690777357314,
  "mean_final_gt_goal_yaw_error_rad": 0.1372837312977839,
  "mean_final_amcl_goal_yaw_error_rad": 0.1609663068197664,
  "cmd_vel_nonzero_ratio": 0.9197080291970803,
  "tf_failures": 1
}