{
  "goal_results": [
    {
      "name": "goal_1m",
      "status": "SUCCEEDED",
      "duration_sec": 2.5617695300000003,
      "goal_x_m": 1.0,
      "goal_y_m": 0.0,
      "goal_yaw_rad": 0.0,
      "final_amcl_xy_error_m": 3.469446951953614e-18,
      "final_raw_xy_error_m": 0.0,
      "final_amcl_yaw_error_rad": -1.3877787807814457e-17,
      "final_raw_yaw_error_rad": -6.938893903907228e-18,
      "final_raw_goal_xy_error_m": 0.34665611450133704,
      "final_amcl_goal_xy_error_m": 0.34665611450133704,
      "final_gt_goal_xy_error_m": 0.34665611450133704,
      "final_raw_goal_yaw_error_rad": -0.03437246276136295,
      "final_amcl_goal_yaw_error_rad": -0.03437246276136296,
      "final_gt_goal_yaw_error_rad": -0.034372462761362944,
      "raw_path_length_m": 0.5914272901177225,
      "amcl_path_length_m": 0.5914272901177225,
      "gt_path_length_m": 0.5914272901177225
    },
    {
      "name": "goal_2m",
      "status": "SUCCEEDED",
      "duration_sec": 3.661879458,
      "goal_x_m": 2.0,
      "goal_y_m": 0.0,
      "goal_yaw_rad": 0.0,
      "final_amcl_xy_error_m": 1.3877787807814457e-17,
      "final_raw_xy_error_m": 6.938893903907228e-18,
      "final_amcl_yaw_error_rad": 1.3877787807814457e-17,
      "final_raw_yaw_error_rad": 0.0,
      "final_raw_goal_xy_error_m": 0.35124592246748787,
      "final_amcl_goal_xy_error_m": 0.35124592246748787,
      "final_gt_goal_xy_error_m": 0.35124592246748787,
      "final_raw_goal_yaw_error_rad": -0.043336374511135305,
      "final_amcl_goal_yaw_error_rad": -0.04333637451113529,
      "final_gt_goal_yaw_error_rad": -0.043336374511135305,
      "raw_path_length_m": 0.8987196589497731,
      "amcl_path_length_m": 0.8987196589497731,
      "gt_path_length_m": 0.8987248862886094
    },
    {
      "name": "goal_left",
      "status": "SUCCEEDED",
      "duration_sec": 104.89176641600001,
      "goal_x_m": 1.5,
      "goal_y_m": 1.0,
      "goal_yaw_rad": 0.0,
      "final_amcl_xy_error_m": 0.0,
      "final_raw_xy_error_m": 0.0,
      "final_amcl_yaw_error_rad": -5.551115123125783e-17,
      "final_raw_yaw_error_rad": 0.0,
      "final_raw_goal_xy_error_m": 0.059417294953051626,
      "final_amcl_goal_xy_error_m": 0.059417294953051626,
      "final_gt_goal_xy_error_m": 0.059417294953051626,
      "final_raw_goal_yaw_error_rad": 0.3309745968050215,
      "final_amcl_goal_yaw_error_rad": 0.33097459680502145,
      "final_gt_goal_yaw_error_rad": 0.3309745968050215,
      "raw_path_length_m": 2.3150539611863574,
      "amcl_path_length_m": 2.314879574774236,
      "gt_path_length_m": 2.3148983054448715
    }
  ],
  "samples": 1204,
  "align_initial_pose": true,
  "raw_position_xy_rmse_m": 0.0002571199159694321,
  "amcl_position_xy_rmse_m": 0.00027594859734408016,
  "raw_yaw_rmse_rad": 0.0006332831410118527,
  "amcl_yaw_rmse_rad": 0.0008263780935981539,
  "mean_final_gt_goal_xy_error_m": 0.25243977730729217,
  "mean_final_amcl_goal_xy_error_m": 0.25243977730729217,
  "mean_final_gt_goal_yaw_error_rad": 0.08442191984417442,
  "mean_final_amcl_goal_yaw_error_rad": 0.0844219198441744,
  "cmd_vel_nonzero_ratio": 0.9749216300940439,
  "tf_failures": 0
}