{
  "goal_results": [
    {
      "name": "straight_1p5",
      "status": "SUCCEEDED",
      "duration_sec": 143.965932426,
      "goal_x_m": 1.5,
      "goal_y_m": 0.0,
      "goal_yaw_rad": 0.0,
      "final_amcl_xy_error_m": 0.00010549916892566324,
      "final_raw_xy_error_m": 0.0,
      "final_amcl_yaw_error_rad": -7.746424714727417e-05,
      "final_raw_yaw_error_rad": 0.0,
      "final_raw_goal_xy_error_m": 0.11647952509945077,
      "final_amcl_goal_xy_error_m": 0.11658488688542261,
      "final_gt_goal_xy_error_m": 0.11647952509945077,
      "final_raw_goal_yaw_error_rad": 0.6327713336581737,
      "final_amcl_goal_yaw_error_rad": 0.6326938694110265,
      "final_gt_goal_yaw_error_rad": 0.6327713336581737,
      "raw_path_length_m": 1.655694035582222,
      "amcl_path_length_m": 1.6556545352902752,
      "gt_path_length_m": 1.6556736107086691
    },
    {
      "name": "left_turn_2p4",
      "status": "SUCCEEDED",
      "duration_sec": 9.219686273,
      "goal_x_m": 2.4,
      "goal_y_m": 0.35,
      "goal_yaw_rad": 0.35,
      "final_amcl_xy_error_m": 0.00014971327715527689,
      "final_raw_xy_error_m": 0.0,
      "final_amcl_yaw_error_rad": -7.746424714771825e-05,
      "final_raw_yaw_error_rad": 0.0,
      "final_raw_goal_xy_error_m": 0.15989768118638703,
      "final_amcl_goal_xy_error_m": 0.16002970773542144,
      "final_gt_goal_xy_error_m": 0.15989768118638703,
      "final_raw_goal_yaw_error_rad": 0.2493478010044612,
      "final_amcl_goal_yaw_error_rad": 0.24927033675731347,
      "final_gt_goal_yaw_error_rad": 0.2493478010044612,
      "raw_path_length_m": 1.0448972651259962,
      "amcl_path_length_m": 1.0450068496197251,
      "gt_path_length_m": 1.0449428929179465
    },
    {
      "name": "straight_after_turn_3p3",
      "status": "SUCCEEDED",
      "duration_sec": 7.662060044,
      "goal_x_m": 3.3,
      "goal_y_m": 0.55,
      "goal_yaw_rad": 0.1,
      "final_amcl_xy_error_m": 0.00021158343372005222,
      "final_raw_xy_error_m": 0.0,
      "final_amcl_yaw_error_rad": -7.746424714732968e-05,
      "final_raw_yaw_error_rad": 0.0,
      "final_raw_goal_xy_error_m": 0.17059820957229407,
      "final_amcl_goal_xy_error_m": 0.17074338633368932,
      "final_gt_goal_xy_error_m": 0.17059820957229407,
      "final_raw_goal_yaw_error_rad": 0.2362265272357855,
      "final_amcl_goal_yaw_error_rad": 0.23614906298863814,
      "final_gt_goal_yaw_error_rad": 0.2362265272357855,
      "raw_path_length_m": 0.9289286833571906,
      "amcl_path_length_m": 0.9288285853891406,
      "gt_path_length_m": 0.9289277984231386
    },
    {
      "name": "right_correction_4p1",
      "status": "SUCCEEDED",
      "duration_sec": 7.0114048040000005,
      "goal_x_m": 4.1,
      "goal_y_m": 0.25,
      "goal_yaw_rad": -0.2,
      "final_amcl_xy_error_m": 0.00027453303113408135,
      "final_raw_xy_error_m": 0.0,
      "final_amcl_yaw_error_rad": -7.746424714727417e-05,
      "final_raw_yaw_error_rad": -5.551115123125783e-17,
      "final_raw_goal_xy_error_m": 0.17199240853117112,
      "final_amcl_goal_xy_error_m": 0.17185565306309872,
      "final_gt_goal_xy_error_m": 0.17199240853117112,
      "final_raw_goal_yaw_error_rad": -0.29381538280341657,
      "final_amcl_goal_yaw_error_rad": -0.2938928470505638,
      "final_gt_goal_yaw_error_rad": -0.2938153828034165,
      "raw_path_length_m": 0.8639310153998302,
      "amcl_path_length_m": 0.8639109039978781,
      "gt_path_length_m": 0.863934071865475
    }
  ],
  "samples": 1797,
  "align_initial_pose": true,
  "raw_position_xy_rmse_m": 0.0001351598512256625,
  "amcl_position_xy_rmse_m": 0.0002425636937875779,
  "raw_yaw_rmse_rad": 0.0002016487677996649,
  "amcl_yaw_rmse_rad": 0.00018211685324152026,
  "mean_final_gt_goal_xy_error_m": 0.15474195609732574,
  "mean_final_amcl_goal_xy_error_m": 0.15480340850440802,
  "mean_final_gt_goal_yaw_error_rad": 0.206132569773751,
  "mean_final_amcl_goal_yaw_error_rad": 0.2060551055266036,
  "cmd_vel_nonzero_ratio": 0.977897421365826,
  "tf_failures": 31
}