{
  "goal_results": [
    {
      "name": "goal_1m",
      "status": "SUCCEEDED",
      "duration_sec": 4.662133425,
      "goal_x_m": 1.0,
      "goal_y_m": 0.0,
      "goal_yaw_rad": 0.0,
      "final_amcl_xy_error_m": 0.044032622780487855,
      "final_raw_xy_error_m": 0.3859856105025405,
      "final_amcl_yaw_error_rad": -0.011361151323775147,
      "final_raw_yaw_error_rad": 0.0749774137836953,
      "final_raw_goal_xy_error_m": 0.47866396065056155,
      "final_amcl_goal_xy_error_m": 0.04913397058611456,
      "final_gt_goal_xy_error_m": 0.09316659074613817,
      "final_raw_goal_yaw_error_rad": 0.0812302990121244,
      "final_amcl_goal_yaw_error_rad": -0.005108266095346023,
      "final_gt_goal_yaw_error_rad": 0.0062528852284291225,
      "raw_path_length_m": 0.9787520046219355,
      "amcl_path_length_m": 1.3890817625751588,
      "gt_path_length_m": 0.8590541045260893
    },
    {
      "name": "goal_2m",
      "status": "SUCCEEDED",
      "duration_sec": 5.511526945,
      "goal_x_m": 2.0,
      "goal_y_m": 0.0,
      "goal_yaw_rad": 0.0,
      "final_amcl_xy_error_m": 0.14108931941796327,
      "final_raw_xy_error_m": 0.8570171247525177,
      "final_amcl_yaw_error_rad": 0.04773245178446478,
      "final_raw_yaw_error_rad": 0.2333543779999192,
      "final_raw_goal_xy_error_m": 0.9857147317081234,
      "final_amcl_goal_xy_error_m": 0.11812186553546664,
      "final_gt_goal_xy_error_m": 0.13299662848665908,
      "final_raw_goal_yaw_error_rad": 0.256110224650555,
      "final_amcl_goal_yaw_error_rad": 0.07048829843510056,
      "final_gt_goal_yaw_error_rad": 0.02275584665063578,
      "raw_path_length_m": 1.0674223513347874,
      "amcl_path_length_m": 1.479707733037207,
      "gt_path_length_m": 0.9497143183200751
    },
    {
      "name": "goal_left",
      "status": "SUCCEEDED",
      "duration_sec": 27.461356926,
      "goal_x_m": 1.5,
      "goal_y_m": 1.0,
      "goal_yaw_rad": 0.0,
      "final_amcl_xy_error_m": 0.18792442744107182,
      "final_raw_xy_error_m": 1.2858313582333902,
      "final_amcl_yaw_error_rad": 0.22226839872515666,
      "final_raw_yaw_error_rad": -1.8573504795203761,
      "final_raw_goal_xy_error_m": 0.8882651435435279,
      "final_amcl_goal_xy_error_m": 0.8232805918886676,
      "final_gt_goal_xy_error_m": 0.6591084945358711,
      "final_raw_goal_yaw_error_rad": -1.9996403613682006,
      "final_amcl_goal_yaw_error_rad": 0.07997851687733219,
      "final_gt_goal_yaw_error_rad": -0.14228988184782448,
      "raw_path_length_m": 5.93415998550906,
      "amcl_path_length_m": 31.836152611796745,
      "gt_path_length_m": 5.61006196454509
    }
  ],
  "samples": 580,
  "align_initial_pose": true,
  "raw_position_xy_rmse_m": 0.6962189776785581,
  "amcl_position_xy_rmse_m": 0.6478046443152639,
  "raw_yaw_rmse_rad": 1.0303785686931566,
  "amcl_yaw_rmse_rad": 0.3294924426914057,
  "mean_final_gt_goal_xy_error_m": 0.2950905712562228,
  "mean_final_amcl_goal_xy_error_m": 0.33017880933674965,
  "mean_final_gt_goal_yaw_error_rad": -0.03776038332291986,
  "mean_final_amcl_goal_yaw_error_rad": 0.048452849739028914,
  "cmd_vel_nonzero_ratio": 0.9457459926017263,
  "tf_failures": 4
}