{
  "goal_results": [
    {
      "name": "straight_1p5",
      "status": "SUCCEEDED",
      "duration_sec": 0.062900255,
      "goal_x_m": 1.5,
      "goal_y_m": 0.0,
      "goal_yaw_rad": 0.0,
      "final_amcl_xy_error_m": 2.0208586276241347e-05,
      "final_raw_xy_error_m": 0.0,
      "final_amcl_yaw_error_rad": 9.15788094530967e-05,
      "final_raw_yaw_error_rad": 0.0,
      "final_raw_goal_xy_error_m": 0.1413928876732952,
      "final_amcl_goal_xy_error_m": 0.1413738594001181,
      "final_gt_goal_xy_error_m": 0.1413928876732952,
      "final_raw_goal_yaw_error_rad": -0.14542940184306857,
      "final_amcl_goal_yaw_error_rad": -0.14533782303361548,
      "final_gt_goal_yaw_error_rad": -0.14542940184306857,
      "raw_path_length_m": 0.0,
      "amcl_path_length_m": 0.0,
      "gt_path_length_m": 0.0
    },
    {
      "name": "left_turn_2p4",
      "status": "SUCCEEDED",
      "duration_sec": 8.211653782,
      "goal_x_m": 2.4,
      "goal_y_m": 0.35,
      "goal_yaw_rad": 0.35,
      "final_amcl_xy_error_m": 9.336492560867008e-05,
      "final_raw_xy_error_m": 2.7755575615628914e-17,
      "final_amcl_yaw_error_rad": 9.157880945315221e-05,
      "final_raw_yaw_error_rad": 0.0,
      "final_raw_goal_xy_error_m": 0.16052165037701555,
      "final_amcl_goal_xy_error_m": 0.1604623007474122,
      "final_gt_goal_xy_error_m": 0.16052165037701555,
      "final_raw_goal_yaw_error_rad": 0.13400566832252608,
      "final_amcl_goal_yaw_error_rad": 0.13409724713197924,
      "final_gt_goal_yaw_error_rad": 0.13400566832252608,
      "raw_path_length_m": 0.9933199929696298,
      "amcl_path_length_m": 0.9933199782838833,
      "gt_path_length_m": 0.9933186615690707
    }
  ],
  "samples": 435,
  "align_initial_pose": true,
  "raw_position_xy_rmse_m": 0.00018018860013371054,
  "amcl_position_xy_rmse_m": 0.0002345678758893187,
  "raw_yaw_rmse_rad": 0.00025083027283409295,
  "amcl_yaw_rmse_rad": 0.00027100955853539394,
  "mean_final_gt_goal_xy_error_m": 0.15095726902515538,
  "mean_final_amcl_goal_xy_error_m": 0.15091808007376514,
  "mean_final_gt_goal_yaw_error_rad": -0.005711866760271245,
  "mean_final_amcl_goal_yaw_error_rad": -0.00562028795081812,
  "cmd_vel_nonzero_ratio": 0.9522613065326633,
  "tf_failures": 1
}