{
  "goal_results": [
    {
      "name": "straight_1p5",
      "status": "SUCCEEDED",
      "duration_sec": 10.31193824,
      "goal_x_m": 1.5,
      "goal_y_m": 0.0,
      "goal_yaw_rad": 0.0,
      "final_amcl_xy_error_m": 0.0,
      "final_raw_xy_error_m": 0.0,
      "final_amcl_yaw_error_rad": -1.3877787807814457e-17,
      "final_raw_yaw_error_rad": 0.0,
      "final_raw_goal_xy_error_m": 0.15737362985789372,
      "final_amcl_goal_xy_error_m": 0.15737362985789372,
      "final_gt_goal_xy_error_m": 0.15737362985789372,
      "final_raw_goal_yaw_error_rad": -0.06355867529218116,
      "final_amcl_goal_yaw_error_rad": -0.06355867529218118,
      "final_gt_goal_yaw_error_rad": -0.06355867529218116,
      "raw_path_length_m": 1.2864256267653833,
      "amcl_path_length_m": 1.2864210806125327,
      "gt_path_length_m": 1.2864313602511543
    },
    {
      "name": "left_turn_2p4",
      "status": "SUCCEEDED",
      "duration_sec": 8.361508047000001,
      "goal_x_m": 2.4,
      "goal_y_m": 0.35,
      "goal_yaw_rad": 0.35,
      "final_amcl_xy_error_m": 0.0,
      "final_raw_xy_error_m": 0.0,
      "final_amcl_yaw_error_rad": -1.1102230246251565e-16,
      "final_raw_yaw_error_rad": 0.0,
      "final_raw_goal_xy_error_m": 0.1598817641711463,
      "final_amcl_goal_xy_error_m": 0.1598817641711463,
      "final_gt_goal_xy_error_m": 0.1598817641711463,
      "final_raw_goal_yaw_error_rad": 0.14572291674682908,
      "final_amcl_goal_yaw_error_rad": 0.14572291674682897,
      "final_gt_goal_yaw_error_rad": 0.14572291674682908,
      "raw_path_length_m": 0.9768870863670409,
      "amcl_path_length_m": 0.9768761663623091,
      "gt_path_length_m": 0.9769030635287594
    },
    {
      "name": "straight_after_turn_3p3",
      "status": "TIMEOUT",
      "duration_sec": 150.00122164500002,
      "goal_x_m": 3.3,
      "goal_y_m": 0.55,
      "goal_yaw_rad": 0.1,
      "final_amcl_xy_error_m": 0.0,
      "final_raw_xy_error_m": 0.0,
      "final_amcl_yaw_error_rad": -1.1102230246251565e-16,
      "final_raw_yaw_error_rad": 0.0,
      "final_raw_goal_xy_error_m": 0.16680091652479223,
      "final_amcl_goal_xy_error_m": 0.16680091652479223,
      "final_gt_goal_xy_error_m": 0.16680091652479223,
      "final_raw_goal_yaw_error_rad": 0.28168490148777303,
      "final_amcl_goal_yaw_error_rad": 0.2816849014877729,
      "final_gt_goal_yaw_error_rad": 0.28168490148777303,
      "raw_path_length_m": 0.9832378210171141,
      "amcl_path_length_m": 0.9832809149776207,
      "gt_path_length_m": 0.9832306578491822
    },
    {
      "name": "right_correction_4p1",
      "status": "SUCCEEDED",
      "duration_sec": 7.461557415000001,
      "goal_x_m": 4.1,
      "goal_y_m": 0.25,
      "goal_yaw_rad": -0.2,
      "final_amcl_xy_error_m": 0.0,
      "final_raw_xy_error_m": 0.0,
      "final_amcl_yaw_error_rad": 2.7755575615628914e-16,
      "final_raw_yaw_error_rad": 0.0,
      "final_raw_goal_xy_error_m": 0.15797447808014597,
      "final_amcl_goal_xy_error_m": 0.15797447808014597,
      "final_gt_goal_xy_error_m": 0.15797447808014597,
      "final_raw_goal_yaw_error_rad": -0.2689751467236258,
      "final_amcl_goal_yaw_error_rad": -0.26897514672362555,
      "final_gt_goal_yaw_error_rad": -0.2689751467236258,
      "raw_path_length_m": 0.9088196739656608,
      "amcl_path_length_m": 0.9087994553924598,
      "gt_path_length_m": 0.9088003499759226
    }
  ],
  "samples": 1900,
  "align_initial_pose": true,
  "raw_position_xy_rmse_m": 0.00015812854299987263,
  "amcl_position_xy_rmse_m": 0.00023271244576244228,
  "raw_yaw_rmse_rad": 8.805044519339986e-05,
  "amcl_yaw_rmse_rad": 0.0002583035408243428,
  "mean_final_gt_goal_xy_error_m": 0.16050769715849456,
  "mean_final_amcl_goal_xy_error_m": 0.16050769715849456,
  "mean_final_gt_goal_yaw_error_rad": 0.023718499054698777,
  "mean_final_amcl_goal_yaw_error_rad": 0.02371849905469879,
  "cmd_vel_nonzero_ratio": 0.9800166527893422,
  "tf_failures": 0
}