{
  "goal_results": [
    {
      "name": "goal_2m",
      "status": "SUCCEEDED",
      "duration_sec": 5.6622785900000006,
      "goal_x_m": 2.0,
      "goal_y_m": 0.0,
      "goal_yaw_rad": 0.0,
      "final_amcl_xy_error_m": 8.328521044746616e-05,
      "final_raw_xy_error_m": 0.0,
      "final_amcl_yaw_error_rad": 3.506484366288393e-05,
      "final_raw_yaw_error_rad": -6.938893903907228e-18,
      "final_raw_goal_xy_error_m": 0.33430995989936596,
      "final_amcl_goal_xy_error_m": 0.33438403460745764,
      "final_gt_goal_xy_error_m": 0.33430995989936596,
      "final_raw_goal_yaw_error_rad": -0.0497618264187294,
      "final_amcl_goal_yaw_error_rad": -0.04972676157506651,
      "final_gt_goal_yaw_error_rad": -0.049761826418729393,
      "raw_path_length_m": 1.6127878223160288,
      "amcl_path_length_m": 1.6127878223160286,
      "gt_path_length_m": 1.6127878223160288
    },
    {
      "name": "goal_3m",
      "status": "SUCCEEDED",
      "duration_sec": 3.511541063,
      "goal_x_m": 3.0,
      "goal_y_m": 0.0,
      "goal_yaw_rad": 0.0,
      "final_amcl_xy_error_m": 0.0001078855467596472,
      "final_raw_xy_error_m": 0.0,
      "final_amcl_yaw_error_rad": 3.5064843662890866e-05,
      "final_raw_yaw_error_rad": 6.938893903907228e-18,
      "final_raw_goal_xy_error_m": 0.35156554295868797,
      "final_amcl_goal_xy_error_m": 0.3516452998110546,
      "final_gt_goal_xy_error_m": 0.35156554295868797,
      "final_raw_goal_yaw_error_rad": -0.051942335500365276,
      "final_amcl_goal_yaw_error_rad": -0.0519072706567024,
      "final_gt_goal_yaw_error_rad": -0.05194233550036528,
      "raw_path_length_m": 0.8831769655440413,
      "amcl_path_length_m": 0.883176965544041,
      "gt_path_length_m": 0.8831769655440413
    },
    {
      "name": "goal_4m",
      "status": "SUCCEEDED",
      "duration_sec": 3.661675314,
      "goal_x_m": 4.0,
      "goal_y_m": 0.0,
      "goal_yaw_rad": 0.0,
      "final_amcl_xy_error_m": 0.0001381403835514811,
      "final_raw_xy_error_m": 0.0,
      "final_amcl_yaw_error_rad": 3.506484366287699e-05,
      "final_raw_yaw_error_rad": 0.0,
      "final_raw_goal_xy_error_m": 0.34315659852666586,
      "final_amcl_goal_xy_error_m": 0.34325086642711283,
      "final_gt_goal_xy_error_m": 0.34315659852666586,
      "final_raw_goal_yaw_error_rad": -0.07545829640602762,
      "final_amcl_goal_yaw_error_rad": -0.07542323156236475,
      "final_gt_goal_yaw_error_rad": -0.07545829640602762,
      "raw_path_length_m": 0.940232852121608,
      "amcl_path_length_m": 0.9401360444838984,
      "gt_path_length_m": 0.9402312363684285
    }
  ],
  "samples": 203,
  "align_initial_pose": true,
  "raw_position_xy_rmse_m": 0.0003544987052591523,
  "amcl_position_xy_rmse_m": 0.0005783393800526234,
  "raw_yaw_rmse_rad": 0.0001685964737511109,
  "amcl_yaw_rmse_rad": 0.0002554246612869201,
  "mean_final_gt_goal_xy_error_m": 0.3430107004615732,
  "mean_final_amcl_goal_xy_error_m": 0.343093400281875,
  "mean_final_gt_goal_yaw_error_rad": -0.05905415277504076,
  "mean_final_amcl_goal_yaw_error_rad": -0.05901908793137789,
  "cmd_vel_nonzero_ratio": 0.8603174603174604,
  "tf_failures": 20
}